<?xml version="1.0" encoding="UTF-8"?>
<project-private xmlns="http://www.netbeans.org/ns/project-private/1">
    <editor-bookmarks xmlns="http://www.netbeans.org/ns/editor-bookmarks/2" lastBookmarkId="0"/>
    <open-files xmlns="http://www.netbeans.org/ns/projectui-open-files/2">
        <group>
            <file>file:/home/luan/servidor/www/android/Model/Evento.php</file>
            <file>file:/home/luan/servidor/www/android/View/laudo.php</file>
            <file>file:/home/luan/servidor/www/android/View/evento.php</file>
            <file>file:/home/luan/servidor/www/android/serverContent.php</file>
            <file>file:/home/luan/servidor/www/android/View/mostra.php</file>
            <file>file:/home/luan/servidor/www/android/Model/Laudo.php</file>
            <file>file:/home/luan/servidor/www/android/View/medico.php</file>
            <file>file:/home/luan/servidor/www/android/Controller/Controle.php</file>
            <file>file:/home/luan/servidor/www/android/View/index.php</file>
            <file>file:/home/luan/servidor/www/android/Model/crudPDO.php</file>
            <file>file:/home/luan/servidor/www/android/Model/CreateData.php</file>
        </group>
    </open-files>
</project-private>
